"position.page","position.position","position.global_position","asin","price.discounted","price.current_price","price.currency","price.before_price","price.savings_amount","price.savings_percent","reviews.total_reviews","reviews.rating","url","score","sponsored","amazonChoice","bestSeller","amazonPrime","title","thumbnail"
1,1,1,"379138581X",false,45,"USD",0,0,0,54,4.7,"https://www.amazon.com/dp/379138581X","253.80",false,false,false,false,"Bookstores: A Celebration of Independent Booksellers","https://m.media-amazon.com/images/W/WEBP_402378-T1/images/I/A1WwJNdFbSL._AC_UL320_.jpg"
1,2,2,"B089CKVRVW",false,0,"USD",0,0,0,1663,4.3,"https://www.amazon.com/dp/B089CKVRVW","7150.90",false,false,false,false,"The Booksellers","https://m.media-amazon.com/images/W/WEBP_402378-T1/images/I/81G1CNQXKFL._AC_UL320_.jpg"
1,3,3,"1250037751",true,8.79,"USD",18,9.21,51.17,5236,4.2,"https://www.amazon.com/dp/1250037751","21991.20",false,false,false,false,"Mr. Penumbra's 24-Hour Bookstore: A Novel","https://m.media-amazon.com/images/W/WEBP_402378-T1/images/I/81ehEnDuFmL._AC_UL320_.jpg"
1,4,4,"1797217011",false,14.99,"USD",0,0,0,4,5,"https://www.amazon.com/dp/1797217011","20.00",false,false,false,false,"2023 Wall Cal: This Is My Bookstore","https://m.media-amazon.com/images/W/WEBP_402378-T1/images/I/811LeChLRlL._AC_UL320_.jpg"
1,5,5,"B0B26Q9LSM",false,1.99,"USD",0,0,0,86,4.2,"https://www.amazon.com/dp/B0B26Q9LSM","361.20",false,false,false,false,"Hello, Bookstore","https://m.media-amazon.com/images/W/WEBP_402378-T1/images/I/81XIsyCJcIL._AC_UL320_.jpg"
1,6,6,"B07JDFYJLG",true,0,"USD",20.99,20.99,100,3377,4.3,"https://www.amazon.com/dp/B07JDFYJLG","14521.10",false,false,false,false,"Murder by the Book: Beyond the Page Bookstore Mystery, Book 1","https://m.media-amazon.com/images/W/WEBP_402378-T1/images/I/81uRaGNL8IL._AC_UL320_.jpg"
1,7,7,"B0BB52CCND",false,0,"USD",0,0,0,20484,4.4,"https://www.amazon.com/dp/B0BB52CCND","90129.60",false,false,true,false,"The Bookstore Sisters: A Short Story","https://m.media-amazon.com/images/W/WEBP_402378-T1/images/I/81OrrjDgaSL._AC_UL320_.jpg"
2,1,8,"1938733959",true,16.99,"USD",17.99,1,5.56,107,4,"https://www.amazon.com/dp/1938733959","428.00",false,false,false,false,"Sponsored Ad - High Crimes: A Georgia Davis Novel of Suspense (Georgia Davis Series)","https://m.media-amazon.com/images/I/61VRrGYk3ML._AC_UL320_.jpg"
2,3,10,"B09S69W17Y",false,14.99,"USD",0,0,0,12,4.9,"https://www.amazon.com/dp/B09S69W17Y","58.80",false,false,false,false,"Sponsored Ad - TSOTMO Book Gift Bookworm Gift Quote Literature Gift for Fans Bookish Zipper Pouch Literary Couples Gift","https://m.media-amazon.com/images/I/715GPhrDZNL._AC_UL320_.jpg"
2,4,11,"1792373163",false,17.95,"USD",0,0,0,3,4.1,"https://www.amazon.com/dp/1792373163","12.30",false,false,false,false,"Sponsored Ad - O'Donovan's Travels: A Healer’s Potion","https://m.media-amazon.com/images/I/61x69oK0akL._AC_UL320_.jpg"
2,5,12,"B09XJKPB45",true,9.99,"USD",28,18.01,64.32,147,4.3,"https://www.amazon.com/dp/B09XJKPB45","632.10",false,false,false,false,"China Hand","https://m.media-amazon.com/images/I/81LzPtdWbuL._AC_UL320_.jpg"
2,6,13,"0544483871",true,10.49,"USD",17.99,7.5,41.69,1193,4.7,"https://www.amazon.com/dp/0544483871","5607.10",false,false,false,false,"The Arsenal of Democracy: FDR, Detroit, and an Epic Quest to Arm an America at War","https://m.media-amazon.com/images/I/71+p1AWEBdL._AC_UL320_.jpg"
2,7,14,"B0761WNFY3",false,3.99,"USD",0,0,0,37,4,"https://www.amazon.com/dp/B0761WNFY3","148.00",false,false,false,false,"Out of Print","https://m.media-amazon.com/images/I/81YiVt0otYL._AC_UL320_.jpg"
3,1,15,"1938733959",true,16.99,"USD",17.99,1,5.56,107,4,"https://www.amazon.com/dp/1938733959","428.00",false,false,false,false,"Sponsored Ad - High Crimes: A Georgia Davis Novel of Suspense (Georgia Davis Series)","https://m.media-amazon.com/images/W/WEBP_402378-T1/images/I/61VRrGYk3ML._AC_UL320_.jpg"
3,2,16,"1683581857",false,24.99,"USD",0,0,0,139,4.8,"https://www.amazon.com/dp/1683581857","667.20",false,false,false,false,"Sponsored Ad - Miracle Moments in Notre Dame Fighting Irish Football History: Best Plays, Games, and Records","https://m.media-amazon.com/images/W/WEBP_402378-T1/images/I/814mnCw0iRL._AC_UL320_.jpg"
3,3,17,"B0913H57N1",false,15.99,"USD",0,0,0,1,5,"https://www.amazon.com/dp/B0913H57N1","5.00",false,false,false,false,"Sponsored Ad - Teachers Can Do Virtually Anything – Shoulder Bag Shopping Bag Tote Bag Gift – Appreciation Gifts for Teach...","https://m.media-amazon.com/images/W/WEBP_402378-T1/images/I/71z+Pl0ojeS._AC_UL320_.jpg"
3,4,18,"B09Y5SHXNZ",false,14.99,"USD",0,0,0,1,5,"https://www.amazon.com/dp/B09Y5SHXNZ","5.00",false,false,false,false,"Sponsored Ad - TSOTMO Librarian Zipper Pouch Makeup Bag Librarian Survival Kit Bag Library Gift Bookish (librarian)","https://m.media-amazon.com/images/W/WEBP_402378-T1/images/I/714wMU01upL._AC_UL320_.jpg"
3,5,19,"B0874HT3RC",true,13.99,"USD",19.95,5.96,29.87,1663,4.3,"https://www.amazon.com/dp/B0874HT3RC","7150.90",false,false,false,false,"The Booksellers","https://m.media-amazon.com/images/W/WEBP_402378-T1/images/I/81EfCByToFL._AC_UL320_.jpg"
3,7,21,"B08WCFQVR8",true,10.99,"USD",20,9.01,45.05,33021,4.3,"https://www.amazon.com/dp/B08WCFQVR8","141990.30",false,false,false,false,"Never: A Novel","https://m.media-amazon.com/images/W/WEBP_402378-T1/images/I/91OlkNx-VpL._AC_UL320_.jpg"
3,8,22,"0385548923",true,14,"USD",29.95,15.95,53.26,22860,4.4,"https://www.amazon.com/dp/0385548923","100584.00",false,false,true,false,"The Boys from Biloxi: A Legal Thriller","https://m.media-amazon.com/images/W/WEBP_402378-T1/images/I/71N1ryT6iGL._AC_UL320_.jpg"
4,1,23,"1938733959",true,16.99,"USD",17.99,1,5.56,107,4,"https://www.amazon.com/dp/1938733959","428.00",false,false,false,false,"Sponsored Ad - High Crimes: A Georgia Davis Novel of Suspense (Georgia Davis Series)","https://m.media-amazon.com/images/I/61VRrGYk3ML._AC_UL320_.jpg"
4,2,24,"1683581857",false,24.99,"USD",0,0,0,139,4.8,"https://www.amazon.com/dp/1683581857","667.20",false,false,false,false,"Sponsored Ad - Miracle Moments in Notre Dame Fighting Irish Football History: Best Plays, Games, and Records","https://m.media-amazon.com/images/I/814mnCw0iRL._AC_UL320_.jpg"
4,3,25,"B0913H57N1",false,15.99,"USD",0,0,0,1,5,"https://www.amazon.com/dp/B0913H57N1","5.00",false,false,false,false,"Sponsored Ad - Teachers Can Do Virtually Anything – Shoulder Bag Shopping Bag Tote Bag Gift – Appreciation Gifts for Teach...","https://m.media-amazon.com/images/I/71z+Pl0ojeS._AC_UL320_.jpg"
4,4,26,"1947951602",true,23.49,"USD",27,3.51,13,23,4.3,"https://www.amazon.com/dp/1947951602","98.90",false,false,false,false,"Sponsored Ad - Ruin: A Novel of Flyfishing in Bankruptcy","https://m.media-amazon.com/images/I/61PSmJppwrL._AC_UL320_.jpg"
4,5,27,"B07637WJN4",false,0,"USD",0,0,0,118,4.5,"https://www.amazon.com/dp/B07637WJN4","531.00",false,false,false,false,"Death by Espresso (A Bookstore Cafe Mystery Book 6)","https://m.media-amazon.com/images/I/91d0Irw5+wL._AC_UL320_.jpg"
4,6,28,"B00EWZC8QI",false,2.99,"USD",0,0,0,647,4.4,"https://www.amazon.com/dp/B00EWZC8QI","2846.80",false,false,false,false,"Ajax Penumbra 1969 (Kindle Single)","https://m.media-amazon.com/images/I/819KxUJjOAL._AC_UL320_.jpg"
4,7,29,"006322593X",true,17.91,"USD",28.99,11.08,38.22,687,4.9,"https://www.amazon.com/dp/006322593X","3366.30",false,false,true,false,"Faith Still Moves Mountains: Miraculous Stories of the Healing Power of Prayer","https://m.media-amazon.com/images/I/71ugEFYhcaL._AC_UL320_.jpg"
4,8,30,"B000I9W2AO",false,2.99,"USD",0,0,0,1878,4.7,"https://www.amazon.com/dp/B000I9W2AO","8826.60",false,false,false,false,"Dragonslayer","https://m.media-amazon.com/images/I/81-d03JMXfL._AC_UL320_.jpg"
1,8,31,"0553459279",false,22,"USD",0,0,0,186,4.7,"https://www.amazon.com/dp/0553459279","874.20",false,false,false,false,"Footnotes from the World's Greatest Bookstores: True Tales and Lost Moments from Book Buyers, Booksellers, and Book Lovers","https://m.media-amazon.com/images/W/WEBP_402378-T1/images/I/91gZQEYbQWL._AC_UL320_.jpg"
1,10,33,"B07X5NLS3M",true,7.99,"USD",9.99,2,20.02,20,4.4,"https://www.amazon.com/dp/B07X5NLS3M","88.00",false,false,false,false,"Hopyeer Bookshelf Throw Pillow Cushion Cover Bookstore Doodle Books Shelves Collection Bookcase Library Reading Club Class...","https://m.media-amazon.com/images/W/WEBP_402378-T1/images/I/71n4rIseEEL._AC_UL320_.jpg"
1,11,34,"B08D3R45CG",false,11.99,"USD",0,0,0,3137,4.5,"https://www.amazon.com/dp/B08D3R45CG","14116.50",false,false,false,false,"The Bookstore on the Beach: A Novel","https://m.media-amazon.com/images/W/WEBP_402378-T1/images/I/81WOdv0GnZS._AC_UL320_.jpg"
1,13,36,"0691207763",true,14.99,"USD",19.95,4.96,24.86,29,4.1,"https://www.amazon.com/dp/0691207763","118.90",false,false,false,false,"In Praise of Good Bookstores","https://m.media-amazon.com/images/W/WEBP_402378-T1/images/I/91itA0Z9QGL._AC_UL320_.jpg"
1,17,40,"1938733959",true,16.99,"USD",17.99,1,5.56,107,4,"https://www.amazon.com/dp/1938733959","428.00",false,false,false,false,"Sponsored Ad - High Crimes: A Georgia Davis Novel of Suspense (Georgia Davis Series)","https://m.media-amazon.com/images/W/WEBP_402378-T1/images/I/61VRrGYk3ML._AC_UL320_.jpg"
1,18,41,"1792373163",false,17.95,"USD",0,0,0,3,4.1,"https://www.amazon.com/dp/1792373163","12.30",false,false,false,false,"Sponsored Ad - O'Donovan's Travels: A Healer’s Potion","https://m.media-amazon.com/images/W/WEBP_402378-T1/images/I/61x69oK0akL._AC_UL320_.jpg"
1,19,42,"B0BL2JVR6B",false,8.99,"USD",0,0,0,9,4.3,"https://www.amazon.com/dp/B0BL2JVR6B","38.70",false,false,false,false,"Sponsored Ad - Children of the Yew","https://m.media-amazon.com/images/W/WEBP_402378-T1/images/I/71PVciyVYBL._AC_UL320_.jpg"
1,20,43,"1539534774",false,15.99,"USD",0,0,0,6962,4.6,"https://www.amazon.com/dp/1539534774","32025.20",false,false,false,false,"Sponsored Ad - Devotion (The Hunted Series)","https://m.media-amazon.com/images/W/WEBP_402378-T1/images/I/713scyHc3qL._AC_UL320_.jpg"
1,21,44,"B00ONTS5RY",false,0,"USD",0,0,0,420,3.7,"https://www.amazon.com/dp/B00ONTS5RY","1554.00",false,false,false,false,"Death by Coffee (A Bookstore Cafe Mystery Book 1)","https://m.media-amazon.com/images/W/WEBP_402378-T1/images/I/91uNhS--P3L._AC_UL320_.jpg"
1,22,45,"1496720210",true,6.49,"USD",7.99,1.5,18.77,2145,4.5,"https://www.amazon.com/dp/1496720210","9652.50",false,false,false,false,"Murder in the First Edition (A Beyond the Page Bookstore Mystery)","https://m.media-amazon.com/images/W/WEBP_402378-T1/images/I/910vILq-eLL._AC_UL320_.jpg"
1,23,46,"0593545982",true,15.99,"USD",17,1.01,5.94,71,3.6,"https://www.amazon.com/dp/0593545982","255.60",false,false,false,false,"The Boy with the Bookstore","https://m.media-amazon.com/images/W/WEBP_402378-T1/images/I/71ss-JpGawL._AC_UL320_.jpg"
1,24,47,"1536212512",true,17.04,"USD",17.99,0.95,5.28,3,4.2,"https://www.amazon.com/dp/1536212512","12.60",false,false,false,false,"Good Night, Little Bookstore","https://m.media-amazon.com/images/W/WEBP_402378-T1/images/I/919jjUsL1xL._AC_UL320_.jpg"
1,25,48,"B09XL7Y9YK",true,8.99,"USD",16.99,8,47.09,173,4.7,"https://www.amazon.com/dp/B09XL7Y9YK","813.10",false,false,false,false,"The Story of Love (The Amish Bookstore Novels Book 2)","https://m.media-amazon.com/images/W/WEBP_402378-T1/images/I/91V9DfnkrlL._AC_UL320_.jpg"
1,26,49,"B08VF88KFQ",false,0,"USD",0,0,0,1724,4.5,"https://www.amazon.com/dp/B08VF88KFQ","7758.00",false,false,false,false,"To the Tome of Murder (A Beyond the Page Bookstore Mystery Book 7)","https://m.media-amazon.com/images/W/WEBP_402378-T1/images/I/81ZlyZnXV6L._AC_UL320_.jpg"
1,28,51,"B07MC9KXTG",false,3.99,"USD",0,0,0,1887,4.2,"https://www.amazon.com/dp/B07MC9KXTG","7925.40",false,false,false,false,"The Bookshop","https://m.media-amazon.com/images/W/WEBP_402378-T1/images/I/91M87CyR15L._AC_UL320_.jpg"
1,29,52,"B0B8TK65FD",false,6.99,"USD",0,0,0,158,4.2,"https://www.amazon.com/dp/B0B8TK65FD","663.60",false,false,false,false,"The Storied Life of A.J. Fikry","https://m.media-amazon.com/images/W/WEBP_402378-T1/images/I/81zo+8r6aJL._AC_UL320_.jpg"
1,30,53,"B08PCJJ71H",false,2.99,"USD",0,0,0,872,3.3,"https://www.amazon.com/dp/B08PCJJ71H","2877.60",false,false,false,false,"Modern Persuasion","https://m.media-amazon.com/images/W/WEBP_402378-T1/images/I/81o5SWE0nSL._AC_UL320_.jpg"
1,31,54,"B09Q2KWBXM",false,5.99,"USD",0,0,0,2822,4.1,"https://www.amazon.com/dp/B09Q2KWBXM","11570.20",false,false,false,false,"Miss Willoughby and the Haunted Bookshop","https://m.media-amazon.com/images/W/WEBP_402378-T1/images/I/815MOLlcZoL._AC_UL320_.jpg"
1,32,55,"B0B14Z78W7",true,59.99,"USD",62.99,3,4.76,211,4.7,"https://www.amazon.com/dp/B0B14Z78W7","991.70",false,false,false,false,"CUTEBEE DIY Book Nook Kit, DIY Dollhouse Booknook Bookshelf Insert Decor Alley, Bookends Model Build-Creativity Kit with L...","https://m.media-amazon.com/images/W/WEBP_402378-T1/images/I/61odyOs-oAL._AC_UL320_.jpg"
1,33,56,"B088LD4KNR",false,14.5,"USD",0,0,0,25,4.1,"https://www.amazon.com/dp/B088LD4KNR","102.50",false,false,false,false,"Sponsored Ad - MISSION OF VENGEANCE: COREY PEARSON- CIA SPYMASTER SERIES","https://m.media-amazon.com/images/W/WEBP_402378-T1/images/I/71bVL89tU0L._AC_UL320_.jpg"
1,34,57,"0692282343",false,12.99,"USD",0,0,0,3172,4.4,"https://www.amazon.com/dp/0692282343","13956.80",false,false,false,false,"Sponsored Ad - Quantum Lens","https://m.media-amazon.com/images/W/WEBP_402378-T1/images/I/51EKFSefnxL._AC_UL320_.jpg"
1,35,58,"1777217423",false,18.99,"USD",0,0,0,7,4,"https://www.amazon.com/dp/1777217423","28.00",false,false,false,false,"Sponsored Ad - The Entrepreneurial Parent: Run Your Business, Raise your Family, Keep Your Sanity!","https://m.media-amazon.com/images/W/WEBP_402378-T1/images/I/61hWedHtCTL._AC_UL320_.jpg"
1,36,59,"1736548530",false,14.99,"USD",0,0,0,2625,4.7,"https://www.amazon.com/dp/1736548530","12337.50",false,false,false,false,"Sponsored Ad - The Peacemaker's Code","https://m.media-amazon.com/images/W/WEBP_402378-T1/images/I/71d8HBAJ1vL._AC_UL320_.jpg"
1,37,60,"B0B5L212QD",false,5.99,"USD",0,0,0,17595,4.7,"https://www.amazon.com/dp/B0B5L212QD","82696.50",false,false,false,false,"Where the Crawdads Sing","https://m.media-amazon.com/images/W/WEBP_402378-T1/images/I/91LIa6VRdrL._AC_UL320_.jpg"
1,38,61,"1648960901",true,14.4,"USD",16.95,2.55,15.04,37,4.7,"https://www.amazon.com/dp/1648960901","173.90",false,true,false,false,"Princeton Architectural Press In the Bookstore: 1000 Piece Puzzle","https://m.media-amazon.com/images/W/WEBP_402378-T1/images/I/91YsaBlugdL._AC_UL320_.jpg"
1,39,62,"B08KZF2678",false,25,"USD",0,0,0,2098,4.9,"https://www.amazon.com/dp/B08KZF2678","10280.20",false,false,false,false,"Barnes & Noble Gift Card - Email Delivery","https://m.media-amazon.com/images/W/WEBP_402378-T1/images/I/515Iu3UVu9L._AC_UL320_.jpg"
1,40,63,"B06XCK6R66",false,0,"USD",0,0,0,70,4,"https://www.amazon.com/dp/B06XCK6R66","280.00",false,false,false,false,"Black Books","https://m.media-amazon.com/images/W/WEBP_402378-T1/images/I/81iP1IjmTyL._AC_UL320_.jpg"
1,41,64,"1935953001",false,29.99,"USD",0,0,0,10,3.6,"https://www.amazon.com/dp/1935953001","36.00",false,false,false,false,"HOW TO START AND RUN A USED BOOKSTORE: A Bookstore Owner's Essential Toolkit with Real-World Insights, Strategies, Forms, ...","https://m.media-amazon.com/images/W/WEBP_402378-T1/images/I/51VC2VZqf-L._AC_UL320_.jpg"
1,42,65,"0310365538",true,14.8,"USD",15.99,1.19,7.44,335,4.7,"https://www.amazon.com/dp/0310365538","1574.50",false,false,false,false,"The Bookseller's Promise (The Amish Bookstore Novels)","https://m.media-amazon.com/images/W/WEBP_402378-T1/images/I/91HpjdRqqkL._AC_UL320_.jpg"
1,43,66,"B07XVSFQN8",false,0,"USD",0,0,0,3010,4.2,"https://www.amazon.com/dp/B07XVSFQN8","12642.00",false,false,false,false,"The Goldfinch","https://m.media-amazon.com/images/W/WEBP_402378-T1/images/I/818GALqgFwL._AC_UL320_.jpg"
1,45,68,"B09RB9D2D7",false,9.99,"USD",0,0,0,3,4.6,"https://www.amazon.com/dp/B09RB9D2D7","13.80",false,false,false,false,"Book Funny Metal Tin Signs Just A Girl Who Loves Books Print Poster Home Art Wall Decor Plaque Library Study Bedroom Books...","https://m.media-amazon.com/images/W/WEBP_402378-T1/images/I/51CPJsVuP0L._AC_UL320_.jpg"
1,46,69,"1952688027",false,15.99,"USD",0,0,0,97,4.2,"https://www.amazon.com/dp/1952688027","407.40",false,false,false,false,"Puzzling Escapes Trapped in the Bookstore","https://m.media-amazon.com/images/W/WEBP_402378-T1/images/I/714jTAGPrdS._AC_UL320_.jpg"
1,47,70,"0062967258",true,26.98,"USD",32.5,5.52,16.98,17,4.4,"https://www.amazon.com/dp/0062967258","74.80",false,false,false,false,"Mussolini's Daughter: The Most Dangerous Woman in Europe","https://m.media-amazon.com/images/W/WEBP_402378-T1/images/I/81pCJCEVlgL._AC_UL320_.jpg"
1,48,71,"1632172089",true,17.96,"USD",19.95,1.99,9.97,166,4.7,"https://www.amazon.com/dp/1632172089","780.20",false,false,false,false,"This Life of Mine: A Keepsake Journal for Grandparents, Parents and Anyone to Preserve Memories, Moments & Milestones (Kee...","https://m.media-amazon.com/images/W/WEBP_402378-T1/images/I/91rDSVXmZeL._AC_UL320_.jpg"
1,49,72,"B06XQ9CVGP",false,0.99,"USD",0,0,0,70,3.6,"https://www.amazon.com/dp/B06XQ9CVGP","252.00",false,false,false,false,"Under the Boardwalk: The Monopoly Story","https://m.media-amazon.com/images/W/WEBP_402378-T1/images/I/715QpWvvzuL._AC_UL320_.jpg"
1,51,74,"172824644X",true,15.29,"USD",16.99,1.7,10.01,77,4.1,"https://www.amazon.com/dp/172824644X","315.70",false,false,false,false,"The Banned Bookshop of Maggie Banks","https://m.media-amazon.com/images/W/WEBP_402378-T1/images/I/816wmbUteKL._AC_UL320_.jpg"
1,52,75,"B073VX44BQ",false,0.99,"USD",0,0,0,17,4.6,"https://www.amazon.com/dp/B073VX44BQ","78.20",false,false,false,false,"Welcome to The Last Bookstore","https://m.media-amazon.com/images/W/WEBP_402378-T1/images/I/81hQk3uWqqL._AC_UL320_.jpg"
1,53,76,"1501116851",true,14.99,"USD",18,3.01,16.72,1756,4.3,"https://www.amazon.com/dp/1501116851","7550.80",false,false,false,false,"Midnight at the Bright Ideas Bookstore: A Novel","https://m.media-amazon.com/images/W/WEBP_402378-T1/images/I/91LXBf37IfL._AC_UL320_.jpg"
1,54,77,"B09VSFP5M7",false,0,"USD",0,0,0,2411,4.4,"https://www.amazon.com/dp/B09VSFP5M7","10608.40",false,false,false,false,"The English Bookshop","https://m.media-amazon.com/images/W/WEBP_402378-T1/images/I/81TPiWzxsEL._AC_UL320_.jpg"
1,55,78,"B093YQHGRJ",true,11.99,"USD",17,5.01,29.47,1472,4.2,"https://www.amazon.com/dp/B093YQHGRJ","6182.40",false,false,false,false,"The Paris Bookseller","https://m.media-amazon.com/images/W/WEBP_402378-T1/images/I/91HNn6GVLaL._AC_UL320_.jpg"
1,56,79,"B083H4RRSG",false,0,"USD",0,0,0,585,4.7,"https://www.amazon.com/dp/B083H4RRSG","2749.50",false,false,false,false,"Back Room Bookstore Cozy Mystery Boxed Set: A Paranormal Witch Cozy Series","https://m.media-amazon.com/images/W/WEBP_402378-T1/images/I/912w2q+8vAS._AC_UL320_.jpg"
1,57,80,"B086PTDN2M",false,15.99,"USD",0,0,0,29,3.8,"https://www.amazon.com/dp/B086PTDN2M","110.20",false,false,false,false,"Sponsored Ad - The Decoys: A Tim and Mary Ann Hall Mystery (3)","https://m.media-amazon.com/images/W/WEBP_402378-T1/images/I/6155pO323eL._AC_UL320_.jpg"
1,58,81,"B0B6XJHLQZ",false,5.99,"USD",0,0,0,1,2,"https://www.amazon.com/dp/B0B6XJHLQZ","2.00",false,false,false,false,"Sponsored Ad - The Dead of Covent Garden","https://m.media-amazon.com/images/W/WEBP_402378-T1/images/I/51i6Be2Y37L._AC_UL320_.jpg"
1,59,82,"B08PJG9ZCQ",false,13.99,"USD",0,0,0,797,4.2,"https://www.amazon.com/dp/B08PJG9ZCQ","3347.40",false,false,false,false,"Sponsored Ad - Crazy In Love (Secrets of Suburbia)","https://m.media-amazon.com/images/W/WEBP_402378-T1/images/I/71EqvO8B9eL._AC_UL320_.jpg"
1,60,83,"B09JJ77GT9",false,14.99,"USD",0,0,0,5066,4.4,"https://www.amazon.com/dp/B09JJ77GT9","22290.40",false,false,false,false,"Sponsored Ad - Obsessed","https://m.media-amazon.com/images/W/WEBP_402378-T1/images/I/71spPfcgqDL._AC_UL320_.jpg"
2,8,84,"1250274680",true,15.29,"USD",24.99,9.7,38.82,1370,4.8,"https://www.amazon.com/dp/1250274680","6576.00",false,false,false,false,"A Life Well Played: My Stories (Commemorative Edition)","https://m.media-amazon.com/images/I/712SqTovxIL._AC_UL320_.jpg"
2,9,85,"B083JZRCSS",false,0,"USD",0,0,0,1487,4.9,"https://www.amazon.com/dp/B083JZRCSS","7286.30",false,false,false,false,"LEGO Creator Expert Bookshop 10270 Modular Building Kit, Big Set and Collectors Toy for Adults, (2,504 Pieces)","https://m.media-amazon.com/images/I/8168kFV3KVL._AC_UL320_.jpg"
2,10,86,"B09KDWH5Y1",false,0,"USD",0,0,0,45,4.2,"https://www.amazon.com/dp/B09KDWH5Y1","189.00",false,false,false,false,"Bestseller - Season 1","https://m.media-amazon.com/images/I/81YcavOX+6L._AC_UL320_.jpg"
2,11,87,"B01LFUORW0",true,36.96,"USD",59.99,23.03,38.39,243,4.6,"https://www.amazon.com/dp/B01LFUORW0","1117.80",false,false,false,false,"Star Trek: The Original Series - The Roddenberry Vault","https://m.media-amazon.com/images/I/51mf6kjlNbL._AC_UL320_.jpg"
2,12,88,"B08TWYGF5T",true,13.99,"USD",16.99,3,17.66,9638,4.3,"https://www.amazon.com/dp/B08TWYGF5T","41443.40",false,false,false,false,"The Christmas Bookshop: A Novel","https://m.media-amazon.com/images/I/91U+qxK098L._AC_UL320_.jpg"
2,13,89,"0062467255",true,7.29,"USD",16.99,9.7,57.09,4751,4.4,"https://www.amazon.com/dp/0062467255","20904.40",false,false,false,false,"The Bookshop on the Corner: A Novel","https://m.media-amazon.com/images/I/91pST1uwX5L._AC_UL320_.jpg"
2,14,90,"B09WM658QZ",false,0.99,"USD",0,0,0,330,4.7,"https://www.amazon.com/dp/B09WM658QZ","1551.00",false,false,true,false,"The Forgotten Bookshop in Paris: from an exciting new voice in historical fiction comes a gripping and emotional novel","https://m.media-amazon.com/images/I/8198NKCMJ1L._AC_UL320_.jpg"
2,15,91,"B004QX07GY",true,9.99,"USD",10,0.01,0.1,4053,4.6,"https://www.amazon.com/dp/B004QX07GY","18643.80",false,false,false,false,"Kill Alex Cross","https://m.media-amazon.com/images/I/810MjR+JG7L._AC_UL320_.jpg"
2,16,92,"0316276626",true,13,"USD",28,15,53.57,11265,4.5,"https://www.amazon.com/dp/0316276626","50692.50",false,false,false,false,"The Jailhouse Lawyer","https://m.media-amazon.com/images/I/81NhkPrxzzS._AC_UL320_.jpg"
2,17,93,"1496732049",true,11.98,"USD",16.95,4.97,29.32,16325,4.3,"https://www.amazon.com/dp/1496732049","70197.50",false,false,false,false,"Sponsored Ad - The Second Mrs. Astor: A Heartbreaking Historical Novel of the Titanic","https://m.media-amazon.com/images/I/81xa3jP30gL._AC_UL320_.jpg"
2,18,94,"1949042251",false,10.99,"USD",0,0,0,426,4.1,"https://www.amazon.com/dp/1949042251","1746.60",false,false,false,false,"Sponsored Ad - The Man Who Corrupted Heaven","https://m.media-amazon.com/images/I/61ldY8tUPhL._AC_UL320_.jpg"
2,19,95,"1653381612",false,16.99,"USD",0,0,0,7168,4.3,"https://www.amazon.com/dp/1653381612","30822.40",false,false,false,false,"Sponsored Ad - The Price of Time","https://m.media-amazon.com/images/I/71nmCUnq9kL._AC_UL320_.jpg"
2,20,96,"1947588168",true,19.99,"USD",24.95,4.96,19.88,4,4.7,"https://www.amazon.com/dp/1947588168","18.80",false,false,false,false,"Sponsored Ad - Veil Not Fail: Protecting Your Personal Assets from Business Attacks (Rich Dad Advisor Series)","https://m.media-amazon.com/images/I/710IOBQQ6kL._AC_UL320_.jpg"
2,21,97,"1945051825",true,22.49,"USD",24.99,2.5,10,3225,4.5,"https://www.amazon.com/dp/1945051825","14512.50",false,false,true,false,"Starting a Business QuickStart Guide: The Simplified Beginner’s Guide to Launching a Successful Small Business, Turning Yo...","https://m.media-amazon.com/images/I/61ci7UmM4SL._AC_UL320_.jpg"
2,22,98,"1538750066",true,9.02,"USD",16.99,7.97,46.91,4514,4.5,"https://www.amazon.com/dp/1538750066","20313.00",false,false,false,false,"Lost","https://m.media-amazon.com/images/I/91QXFHo556L._AC_UL320_.jpg"
2,24,100,"B07ZNZF211",false,9.99,"USD",0,0,0,6566,4.6,"https://www.amazon.com/dp/B07ZNZF211","30203.60",false,false,false,false,"The Lost and Found Bookshop: A Novel","https://m.media-amazon.com/images/I/81OnqjPbkQS._AC_UL320_.jpg"
2,25,101,"B093N8JP2B",true,0,"USD",23.9,23.9,100,73798,4.5,"https://www.amazon.com/dp/B093N8JP2B","332091.00",false,false,false,false,"The Judge's List: A Novel","https://m.media-amazon.com/images/I/71N7vj5cSkL._AC_UL320_.jpg"
2,26,102,"B08W57VZW5",false,0,"USD",0,0,0,177,4.2,"https://www.amazon.com/dp/B08W57VZW5","743.40",false,false,false,false,"Out Of Print (Old Bookstore Two-Hour Cozy Mysteries Book 1)","https://m.media-amazon.com/images/I/613kheQWgpL._AC_UL320_.jpg"
2,27,103,"1452176515",true,10.99,"USD",18.95,7.96,42.01,48,4.8,"https://www.amazon.com/dp/1452176515","230.40",false,false,false,false,"The I Wonder Bookstore: (Japanese Books, Book Lover Gifts, Interactive Books for Kids)","https://m.media-amazon.com/images/I/71jh0WKp7QL._AC_UL320_.jpg"
2,28,104,"B089973N41",true,2.49,"USD",4.99,2.5,50.1,3463,4.5,"https://www.amazon.com/dp/B089973N41","15583.50",false,false,false,false,"The Slaughtered Lamb Bookstore and Bar (Sam Quinn Book 1)","https://m.media-amazon.com/images/I/91mm5bmk6IL._AC_UL320_.jpg"
2,29,105,"1648276628",false,14.99,"USD",0,0,0,9,5,"https://www.amazon.com/dp/1648276628","45.00",false,false,false,false,"The Haunted Bookstore - Gateway to a Parallel Universe (Light Novel) Vol. 3","https://m.media-amazon.com/images/I/91O4T8EnDLL._AC_UL320_.jpg"
2,30,106,"B07G6S6B1Q",false,0,"USD",0,0,0,2140,4.5,"https://www.amazon.com/dp/B07G6S6B1Q","9630.00",false,false,false,false,"Prologue to Murder (A Beyond the Page Bookstore Mystery Book 2)","https://m.media-amazon.com/images/I/91qSgIr5A1L._AC_UL320_.jpg"
2,31,107,"0544932048",false,4.99,"USD",0,0,0,19,4.7,"https://www.amazon.com/dp/0544932048","89.30",false,false,false,false,"Curious George Goes to a Bookstore","https://m.media-amazon.com/images/I/61qM4G-D3YL._AC_UL320_.jpg"
2,32,108,"1452177937",false,22.95,"USD",0,0,0,114,4.7,"https://www.amazon.com/dp/1452177937","535.80",false,false,false,false,"This Is My Bookstore: 100 Postcards of Beautiful Shops around the World (Notecards for Book Lovers, Stationery Featuring B...","https://m.media-amazon.com/images/I/818q-AoSNPL._AC_UL320_.jpg"
2,33,109,"0062407805",true,17.99,"USD",32.5,14.51,44.65,29826,4.8,"https://www.amazon.com/dp/0062407805","143164.80",false,false,false,false,"Sponsored Ad - Never Split the Difference: Negotiating As If Your Life Depended On It","https://m.media-amazon.com/images/I/81oUPEIf6OL._AC_UL320_.jpg"
2,35,111,"B0B6XJHLQZ",false,5.99,"USD",0,0,0,1,2,"https://www.amazon.com/dp/B0B6XJHLQZ","2.00",false,false,false,false,"Sponsored Ad - The Dead of Covent Garden","https://m.media-amazon.com/images/I/51i6Be2Y37L._AC_UL320_.jpg"
2,36,112,"B086PTDN2M",false,15.99,"USD",0,0,0,29,3.8,"https://www.amazon.com/dp/B086PTDN2M","110.20",false,false,false,false,"Sponsored Ad - The Decoys: A Tim and Mary Ann Hall Mystery (3)","https://m.media-amazon.com/images/I/6155pO323eL._AC_UL320_.jpg"
2,37,113,"B093Q53XLB",false,0,"USD",0,0,0,28585,4.1,"https://www.amazon.com/dp/B093Q53XLB","117198.50",false,false,false,false,"Quicksilver","https://m.media-amazon.com/images/I/91Tb1mbf4UL._AC_UL320_.jpg"
2,38,114,"B01DQ3S33S",true,1.99,"USD",16,14.01,87.56,528,4.2,"https://www.amazon.com/dp/B01DQ3S33S","2217.60",false,false,false,false,"Dark Fissures: A Rick Cahill Novel (The Rick Cahill Series Book 3)","https://m.media-amazon.com/images/I/71e33+UmZQL._AC_UL320_.jpg"
2,39,115,"B09PZYLBX3",false,9.29,"USD",0,0,0,29,4.7,"https://www.amazon.com/dp/B09PZYLBX3","136.30",false,false,false,false,"WEIMEILD Library Bookstore Decor Life is Better with Cats and Books, Vintage Retro Metal Tin Sign Pub Bar Man Cave Club De...","https://m.media-amazon.com/images/I/81WfxaPCYzL._AC_UL320_.jpg"
2,40,116,"B0B7GYN6CZ",false,0,"USD",0,0,0,6,5,"https://www.amazon.com/dp/B0B7GYN6CZ","30.00",false,false,false,false,"Christmas Always Finds Its Way","https://m.media-amazon.com/images/I/71zRHAXHDrL._AC_UL320_.jpg"
2,41,117,"0062671138",true,14.99,"USD",18,3.01,16.72,6299,4.3,"https://www.amazon.com/dp/0062671138","27085.70",false,false,false,false,"The Sentence: A Novel","https://m.media-amazon.com/images/I/81iPpdXB5HL._AC_UL320_.jpg"
2,42,118,"B09BK98V63",false,0,"USD",0,0,0,1374,4.5,"https://www.amazon.com/dp/B09BK98V63","6183.00",false,false,false,false,"A Margin for Murder: A Charming Bookish Cozy Mystery (A Beyond the Page Bookstore Mystery Book 8)","https://m.media-amazon.com/images/I/81TvmGQte5L._AC_UL320_.jpg"
2,43,119,"1638583838",true,11,"USD",12.99,1.99,15.32,6,4.8,"https://www.amazon.com/dp/1638583838","28.80",false,false,false,false,"The Haunted Bookstore - Gateway to a Parallel Universe (Manga) Vol. 2","https://m.media-amazon.com/images/I/71Nqwm+AVaL._AC_UL320_.jpg"
2,44,120,"B076X98Q6X",false,1.99,"USD",0,0,0,955,4.5,"https://www.amazon.com/dp/B076X98Q6X","4297.50",false,false,true,false,"100 Eternal Masterpieces of Literature [volume 1] (100 Books You Must Read Before You Die)","https://m.media-amazon.com/images/I/91sZFb2i9cL._AC_UL320_.jpg"
2,45,121,"B085LTXWNT",false,0,"USD",0,0,0,2080,4.6,"https://www.amazon.com/dp/B085LTXWNT","9568.00",false,false,false,false,"A Page Marked for Murder (A Beyond the Page Bookstore Mystery Book 5)","https://m.media-amazon.com/images/I/81v-RlYLiFL._AC_UL320_.jpg"
2,46,122,"006289434X",false,17.99,"USD",0,0,0,62,4.9,"https://www.amazon.com/dp/006289434X","303.80",false,false,false,false,"The Bookstore Cat","https://m.media-amazon.com/images/I/81fO0ci9wEL._AC_UL320_.jpg"
2,47,123,"B07T8QHXFF",false,0,"USD",0,0,0,1479,3.8,"https://www.amazon.com/dp/B07T8QHXFF","5620.20",false,false,false,false,"The Cold Storm: A Special Ops action-thriller (Roger O'Neil Book 1)","https://m.media-amazon.com/images/I/917G8BubYuL._AC_UL320_.jpg"
2,48,124,"B09JC98HNV",true,54.99,"USD",69.99,15,21.43,148,4.5,"https://www.amazon.com/dp/B09JC98HNV","666.00",false,false,false,false,"aboxoo Metal Kids Bookshelf Freestanding Bookcase for Children Room 32 in Toy Organizer Large Modern MinimalistWhite Stabl...","https://m.media-amazon.com/images/I/71uH+fHD4OL._AC_UL320_.jpg"
2,49,125,"164827661X",false,14.99,"USD",0,0,0,14,4.9,"https://www.amazon.com/dp/164827661X","68.60",false,false,false,false,"The Haunted Bookstore - Gateway to a Parallel Universe (Light Novel) Vol. 2","https://m.media-amazon.com/images/I/81TQRYURKkL._AC_UL320_.jpg"
2,50,126,"B09FFGG6YS",true,2.99,"USD",16.99,14,82.4,5321,4.4,"https://www.amazon.com/dp/B09FFGG6YS","23412.40",false,false,true,false,"The Boardwalk Bookshop: A 2022 Beach Read","https://m.media-amazon.com/images/I/81H4n2XNFKL._AC_UL320_.jpg"
2,51,127,"B09N6PZ9TJ",true,14.99,"USD",29.95,14.96,49.95,5074,4.6,"https://www.amazon.com/dp/B09N6PZ9TJ","23340.40",false,false,false,false,"Clive Cussler's Hellburner (The Oregon Files Book 16)","https://m.media-amazon.com/images/I/91QQd4UBy3L._AC_UL320_.jpg"
2,52,128,"B08WCFQVR8",true,10.99,"USD",20,9.01,45.05,33021,4.3,"https://www.amazon.com/dp/B08WCFQVR8","141990.30",false,false,false,false,"Never: A Novel","https://m.media-amazon.com/images/I/91OlkNx-VpL._AC_UL320_.jpg"
2,53,129,"0847863662",true,26.99,"USD",29.95,2.96,9.88,76,4.7,"https://www.amazon.com/dp/0847863662","357.20",false,false,false,false,"A Booklover's Guide to New York","https://m.media-amazon.com/images/I/A14hhu1YDqL._AC_UL320_.jpg"
2,54,130,"3899559940",true,44.49,"USD",60,15.51,25.85,59,4.7,"https://www.amazon.com/dp/3899559940","277.30",false,false,false,false,"Do you read me?: Bookstores Around the World","https://m.media-amazon.com/images/I/71qndtDy1jL._AC_UL320_.jpg"
2,55,131,"1496727134",false,8.99,"USD",0,0,0,1984,4.5,"https://www.amazon.com/dp/1496727134","8928.00",false,false,false,false,"Under the Cover of Murder (A Beyond the Page Bookstore Mystery)","https://m.media-amazon.com/images/I/91AwLPX0q6L._AC_UL320_.jpg"
2,56,132,"B01N9NDYSU",false,0,"USD",0,0,0,126,4.4,"https://www.amazon.com/dp/B01N9NDYSU","554.40",false,false,false,false,"Death by Eggnog (A Bookstore Cafe Mystery Book 5)","https://m.media-amazon.com/images/I/91tsabziRPL._AC_UL320_.jpg"
2,57,133,"0735367086",false,16.99,"USD",0,0,0,299,4.7,"https://www.amazon.com/dp/0735367086","1405.30",false,false,false,false,"Michael Storrings A Day at The Bookstore 1000 Piece Puzzle from Galison - Beautifully Illustrated Jigsaw Puzzle of a Local...","https://m.media-amazon.com/images/I/71chCjegGxL._AC_UL320_.jpg"
2,58,134,"B08VFC7P41",false,0,"USD",0,0,0,127,4.6,"https://www.amazon.com/dp/B08VFC7P41","584.20",false,false,false,false,"Death by Hot Apple Cider (A Bookstore Cafe Mystery Book 9)","https://m.media-amazon.com/images/I/91zTX3D9p1L._AC_UL320_.jpg"
2,59,135,"0761339434",false,17.99,"USD",0,0,0,87,4.9,"https://www.amazon.com/dp/0761339434","426.30",false,false,false,false,"The Book Itch: Freedom, Truth & Harlem's Greatest Bookstore","https://m.media-amazon.com/images/I/91CY9cY-KpS._AC_UL320_.jpg"
2,60,136,"B09TVXX3X9",false,6.99,"USD",0,0,0,869,4.6,"https://www.amazon.com/dp/B09TVXX3X9","3997.40",false,false,false,false,"Last One To Know","https://m.media-amazon.com/images/I/91NOqAGxH-L._AC_UL320_.jpg"
3,9,137,"0525574395",false,20,"USD",0,0,0,230,4.8,"https://www.amazon.com/dp/0525574395","1104.00",false,false,false,false,"World's Greatest Bookstores: 100 Postcards Celebrating the Most Beloved Bookshops","https://m.media-amazon.com/images/W/WEBP_402378-T1/images/I/81PY0oMHuUL._AC_UL320_.jpg"
3,10,138,"0807554227",false,7.99,"USD",0,0,0,36,4.6,"https://www.amazon.com/dp/0807554227","165.60",false,false,false,false,"The Mystery Bookstore (48) (The Boxcar Children Mysteries)","https://m.media-amazon.com/images/W/WEBP_402378-T1/images/I/71aICwAC+dL._AC_UL320_.jpg"
3,11,139,"B088VWGQ2G",false,0,"USD",0,0,0,264,4.4,"https://www.amazon.com/dp/B088VWGQ2G","1161.60",false,false,false,false,"Death by French Roast (A Bookstore Cafe Mystery Book 8)","https://m.media-amazon.com/images/W/WEBP_402378-T1/images/I/81cPzOFCQ5L._AC_UL320_.jpg"
3,13,140,"0062879928",true,18.49,"USD",32.5,14.01,43.11,435,4.4,"https://www.amazon.com/dp/0062879928","1914.00",false,false,true,false,"The Mosquito Bowl: A Game of Life and Death in World War II","https://m.media-amazon.com/images/W/WEBP_402378-T1/images/I/71mrPrRGhkL._AC_UL320_.jpg"
3,14,141,"1468308939",true,11.79,"USD",12.99,1.2,9.24,406,4.4,"https://www.amazon.com/dp/1468308939","1786.40",false,false,false,false,"Weird Things Customers Say in Bookstores","https://m.media-amazon.com/images/W/WEBP_402378-T1/images/I/81Dn-FfpVSL._AC_UL320_.jpg"
3,15,142,"B09TVXX3X9",false,6.99,"USD",0,0,0,869,4.6,"https://www.amazon.com/dp/B09TVXX3X9","3997.40",false,false,false,false,"Last One To Know","https://m.media-amazon.com/images/W/WEBP_402378-T1/images/I/91NOqAGxH-L._AC_UL320_.jpg"
3,17,144,"B09JCB8TVP",false,49.99,"USD",0,0,0,148,4.5,"https://www.amazon.com/dp/B09JCB8TVP","666.00",false,false,false,false,"Sponsored Ad - aboxoo Metal Kids Bookshelf Freestanding for Children Room 25 inches Toddler Bookcase Toy Organizer White S...","https://m.media-amazon.com/images/W/WEBP_402378-T1/images/I/714n+KGqLvL._AC_UL320_.jpg"
3,18,145,"B09S69W17Y",false,14.99,"USD",0,0,0,12,4.9,"https://www.amazon.com/dp/B09S69W17Y","58.80",false,false,false,false,"Sponsored Ad - TSOTMO Book Gift Bookworm Gift Quote Literature Gift for Fans Bookish Zipper Pouch Literary Couples Gift","https://m.media-amazon.com/images/W/WEBP_402378-T1/images/I/715GPhrDZNL._AC_UL320_.jpg"
3,19,146,"1496732049",true,11.98,"USD",16.95,4.97,29.32,16325,4.3,"https://www.amazon.com/dp/1496732049","70197.50",false,false,false,false,"The Second Mrs. Astor: A Heartbreaking Historical Novel of the Titanic","https://m.media-amazon.com/images/W/WEBP_402378-T1/images/I/81xa3jP30gL._AC_UL320_.jpg"
3,20,147,"1949042251",false,10.99,"USD",0,0,0,426,4.1,"https://www.amazon.com/dp/1949042251","1746.60",false,false,false,false,"Sponsored Ad - The Man Who Corrupted Heaven","https://m.media-amazon.com/images/W/WEBP_402378-T1/images/I/61ldY8tUPhL._AC_UL320_.jpg"
3,22,149,"B087ZMTBRX",true,12.99,"USD",16.99,4,23.54,14397,4.5,"https://www.amazon.com/dp/B087ZMTBRX","64786.50",false,false,false,false,"The Last Bookshop in London: A Novel of World War II","https://m.media-amazon.com/images/W/WEBP_402378-T1/images/I/819f+VWzRJL._AC_UL320_.jpg"
3,23,150,"1496736656",false,8.99,"USD",0,0,0,38,4.5,"https://www.amazon.com/dp/1496736656","171.00",false,false,false,false,"Death by Spiced Chai (A Bookstore Cafe Mystery)","https://m.media-amazon.com/images/W/WEBP_402378-T1/images/I/71vl5cN4QHL._AC_UL320_.jpg"
3,24,151,"B006IY9FEY",true,13.49,"USD",16.99,3.5,20.6,3191,4.5,"https://www.amazon.com/dp/B006IY9FEY","14359.50",false,false,false,false,"The Devil's Star: A Novel (Harry Hole Book 5)","https://m.media-amazon.com/images/W/WEBP_402378-T1/images/I/81Lt-fGgocL._AC_UL320_.jpg"
3,25,152,"B00U7LJOAE",false,0,"USD",0,0,0,190,4.2,"https://www.amazon.com/dp/B00U7LJOAE","798.00",false,false,false,false,"Death by Tea (A Bookstore Cafe Mystery Book 2)","https://m.media-amazon.com/images/W/WEBP_402378-T1/images/I/91WEYiEikCL._AC_UL320_.jpg"
3,26,153,"B07L2F7MKY",false,0,"USD",0,0,0,117,4.6,"https://www.amazon.com/dp/B07L2F7MKY","538.20",false,false,false,false,"Death by Café Mocha (A Bookstore Cafe Mystery Book 7)","https://m.media-amazon.com/images/W/WEBP_402378-T1/images/I/91u+XqBe+qL._AC_UL320_.jpg"
3,27,154,"0735222355",true,16.94,"USD",30,13.06,43.53,70075,4.4,"https://www.amazon.com/dp/0735222355","308330.00",false,false,false,false,"The Lincoln Highway: A Novel","https://m.media-amazon.com/images/W/WEBP_402378-T1/images/I/91DUhtU6KCL._AC_UL320_.jpg"
3,28,155,"1648276229",false,14.99,"USD",0,0,0,46,4.6,"https://www.amazon.com/dp/1648276229","211.60",false,false,false,false,"The Haunted Bookstore - Gateway to a Parallel Universe (Light Novel) Vol. 1","https://m.media-amazon.com/images/W/WEBP_402378-T1/images/I/81czUJej21L._AC_UL320_.jpg"
3,29,156,"B08SBMCSQQ",false,9.99,"USD",0,0,0,55868,4.1,"https://www.amazon.com/dp/B08SBMCSQQ","229058.80",false,false,false,false,"Better Off Dead: A Jack Reacher Novel","https://m.media-amazon.com/images/W/WEBP_402378-T1/images/I/81Q+Sjg5yHL._AC_UL320_.jpg"
3,30,157,"B001N3LLIS",false,3.99,"USD",0,0,0,16610,4.8,"https://www.amazon.com/dp/B001N3LLIS","79728.00",false,false,false,false,"You've Got Mail","https://m.media-amazon.com/images/W/WEBP_402378-T1/images/I/81PMUhb6TJL._AC_UL320_.jpg"
3,34,161,"1792373163",false,17.95,"USD",0,0,0,3,4.1,"https://www.amazon.com/dp/1792373163","12.30",false,false,false,false,"Sponsored Ad - O'Donovan's Travels: A Healer’s Potion","https://m.media-amazon.com/images/W/WEBP_402378-T1/images/I/61x69oK0akL._AC_UL320_.jpg"
3,35,162,"B09YY1VHKX",false,39.68,"USD",0,0,0,15,4.5,"https://www.amazon.com/dp/B09YY1VHKX","67.50",false,false,false,false,"Sponsored Ad - UNiPLAY Kids Plastic Bookcase Display Storage Rack, 4 Tier Bookshelf with Stacking Block Play Side Panels,...","https://m.media-amazon.com/images/W/WEBP_402378-T1/images/I/61kft2G0zaL._AC_UL320_.jpg"
3,36,163,"1947588168",true,19.99,"USD",24.95,4.96,19.88,4,4.7,"https://www.amazon.com/dp/1947588168","18.80",false,false,false,false,"Sponsored Ad - Veil Not Fail: Protecting Your Personal Assets from Business Attacks (Rich Dad Advisor Series)","https://m.media-amazon.com/images/W/WEBP_402378-T1/images/I/710IOBQQ6kL._AC_UL320_.jpg"
3,37,164,"B07KQGKZTX",false,0,"USD",0,0,0,387,4.4,"https://www.amazon.com/dp/B07KQGKZTX","1702.80",false,false,false,false,"Murder at the Bookstore: Cottonwood Springs Cozy Mystery Series","https://m.media-amazon.com/images/W/WEBP_402378-T1/images/I/91bL6M0tycL._AC_UL320_.jpg"
3,38,165,"0593237463",false,0,"USD",0,0,0,1553,4.6,"https://www.amazon.com/dp/0593237463","7143.80",false,false,true,false,"The Light We Carry: Overcoming in Uncertain Times","https://m.media-amazon.com/images/W/WEBP_402378-T1/images/I/91MowzF+WZL._AC_UL320_.jpg"
3,39,166,"B01A4APJ1A",false,0,"USD",0,0,0,327,4.1,"https://www.amazon.com/dp/B01A4APJ1A","1340.70",false,false,false,false,"Death by Pumpkin Spice (A Bookstore Cafe Mystery Book 3)","https://m.media-amazon.com/images/W/WEBP_402378-T1/images/I/91-HJUvjR6L._AC_UL320_.jpg"
3,40,167,"194563183X",true,10.94,"USD",18.99,8.05,42.39,89889,4.5,"https://www.amazon.com/dp/194563183X","404500.50",false,false,false,false,"Things We Never Got Over (Knockemout)","https://m.media-amazon.com/images/W/WEBP_402378-T1/images/I/71HsLc-TNlL._AC_UL320_.jpg"
3,41,168,"B07JHP3DYX",false,0.99,"USD",0,0,0,173,4.2,"https://www.amazon.com/dp/B07JHP3DYX","726.60",false,false,false,false,"Books and Brews (Back Room Bookstore Cozy Mystery Book 1)","https://m.media-amazon.com/images/W/WEBP_402378-T1/images/I/81-FLgDvp-L._AC_UL320_.jpg"
3,42,169,"B08MKT3W4F",false,0,"USD",0,0,0,60,4.5,"https://www.amazon.com/dp/B08MKT3W4F","270.00",false,false,false,false,"Wine and Revenge: A Read Wine Bookstore Cozy Mystery Book 4","https://m.media-amazon.com/images/W/WEBP_402378-T1/images/I/81ycelYuUwL._AC_UL320_.jpg"
3,43,170,"0063251922",true,19.9,"USD",32.5,12.6,38.77,6409,4.6,"https://www.amazon.com/dp/0063251922","29481.40",false,false,true,false,"Demon Copperhead: A Novel","https://m.media-amazon.com/images/W/WEBP_402378-T1/images/I/91mP0HKLEwL._AC_UL320_.jpg"
3,44,171,"B000I9W2AO",false,2.99,"USD",0,0,0,1878,4.7,"https://www.amazon.com/dp/B000I9W2AO","8826.60",false,false,false,false,"Dragonslayer","https://m.media-amazon.com/images/W/WEBP_402378-T1/images/I/81-d03JMXfL._AC_UL320_.jpg"
3,45,172,"B09BKB191Y",true,12.99,"USD",22.1,9.11,41.22,1761,4.6,"https://www.amazon.com/dp/B09BKB191Y","8100.60",false,false,false,false,"The Vanishing Type: A Charming Bookish Cozy Mystery (A Secret, Book, and Scone Society Novel Book 5)","https://m.media-amazon.com/images/W/WEBP_402378-T1/images/I/813q3BW4P3L._AC_UL320_.jpg"
3,46,173,"B01LJKQH3I",false,0,"USD",0,0,0,116,4.5,"https://www.amazon.com/dp/B01LJKQH3I","522.00",false,false,false,false,"Death by Vanilla Latte (A Bookstore Cafe Mystery Book 4)","https://m.media-amazon.com/images/W/WEBP_402378-T1/images/I/91WBlSj9oAL._AC_UL320_.jpg"
3,47,174,"1984818384",true,14,"USD",29.99,15.99,53.32,8085,4.5,"https://www.amazon.com/dp/1984818384","36382.50",false,false,true,false,"Mad Honey: A Novel","https://m.media-amazon.com/images/W/WEBP_402378-T1/images/I/A1ymg0b1mLL._AC_UL320_.jpg"
3,48,175,"1423650433",false,16.99,"USD",0,0,0,5,5,"https://www.amazon.com/dp/1423650433","25.00",false,false,false,false,"Books & Mortar: A Celebration of the Local Bookstore","https://m.media-amazon.com/images/W/WEBP_402378-T1/images/I/71iQh-Ca1cL._AC_UL320_.jpg"
3,49,176,"B077J3DJGP",true,2.99,"USD",10.99,8,72.79,14,4.3,"https://www.amazon.com/dp/B077J3DJGP","60.20",false,false,false,false,"The Bookstore: fifteen years of love and counting (Forever Woman Book 6)","https://m.media-amazon.com/images/W/WEBP_402378-T1/images/I/91EBh6OWhML._AC_UL320_.jpg"
3,50,177,"1250203929",true,7.59,"USD",9.99,2.4,24.02,547,4.6,"https://www.amazon.com/dp/1250203929","2516.20",false,false,false,false,"Deadly Editions: A Scottish Bookshop Mystery (A Scottish Bookshop Mystery, 6)","https://m.media-amazon.com/images/W/WEBP_402378-T1/images/I/918zK9NE-2L._AC_UL320_.jpg"
3,52,179,"B09R5ZPY6Y",true,0,"USD",26.9,26.9,100,25458,4.6,"https://www.amazon.com/dp/B09R5ZPY6Y","117106.80",false,false,true,false,"Fairy Tale","https://m.media-amazon.com/images/W/WEBP_402378-T1/images/I/91tQkOHvW9L._AC_UL320_.jpg"
3,53,180,"B00VKX6UWI",true,34.96,"USD",59.99,25.03,41.72,225,4.2,"https://www.amazon.com/dp/B00VKX6UWI","945.00",false,false,false,false,"Rosamunde Pilcher's Shades of Love","https://m.media-amazon.com/images/W/WEBP_402378-T1/images/I/51hscEP5vSL._AC_UL320_.jpg"
3,54,181,"B09M681SBF",false,17.99,"USD",0,0,0,21,4.3,"https://www.amazon.com/dp/B09M681SBF","90.30",false,false,false,false,"Oubliert Vintage Garden Library London Bookstore Case Compatible with iPhone XR, Aesthetic Bookshelf Reading Lovers Case f...","https://m.media-amazon.com/images/W/WEBP_402378-T1/images/I/71uEBFRb7FL._AC_UL320_.jpg"
3,55,182,"B09RQ4L751",true,0,"USD",20.37,20.37,100,8123,4.4,"https://www.amazon.com/dp/B09RQ4L751","35741.20",false,false,true,false,"Friends, Lovers, and the Big Terrible Thing: A Memoir","https://m.media-amazon.com/images/W/WEBP_402378-T1/images/I/81Js8wlvnDL._AC_UL320_.jpg"
3,56,183,"B09JZ1QCS3",false,0,"USD",0,0,0,16,3.5,"https://www.amazon.com/dp/B09JZ1QCS3","56.00",false,false,false,false,"The Library Suicides","https://m.media-amazon.com/images/W/WEBP_402378-T1/images/I/6134AyFyZqL._AC_UL320_.jpg"
3,57,184,"B01LXW2CGJ",false,9.99,"USD",0,0,0,8408,4.7,"https://www.amazon.com/dp/B01LXW2CGJ","39517.60",false,false,false,false,"16th Seduction (A Women's Murder Club Thriller)","https://m.media-amazon.com/images/W/WEBP_402378-T1/images/I/914xUgJBr5L._AC_UL320_.jpg"
3,58,185,"B0084ZYPYK",true,6.49,"USD",8.99,2.5,27.81,642,4.6,"https://www.amazon.com/dp/B0084ZYPYK","2953.20",false,false,false,false,"Delicious (The Buchanans Saga Book 1)","https://m.media-amazon.com/images/W/WEBP_402378-T1/images/I/51PHJj6UnPL._AC_UL320_.jpg"
3,59,186,"B08ML1VL3Q",false,0,"USD",0,0,0,204,4,"https://www.amazon.com/dp/B08ML1VL3Q","816.00",false,false,false,false,"Friends and Foes: A Read Wine Bookstore Cozy Mystery Book 1","https://m.media-amazon.com/images/W/WEBP_402378-T1/images/I/81pvqtojqOL._AC_UL320_.jpg"
3,60,187,"B07637WJN4",false,0,"USD",0,0,0,118,4.5,"https://www.amazon.com/dp/B07637WJN4","531.00",false,false,false,false,"Death by Espresso (A Bookstore Cafe Mystery Book 6)","https://m.media-amazon.com/images/W/WEBP_402378-T1/images/I/91d0Irw5+wL._AC_UL320_.jpg"
4,10,189,"1501110365",true,9.99,"USD",16.99,7,41.2,201576,4.7,"https://www.amazon.com/dp/1501110365","947407.20",false,false,false,false,"It Ends with Us: A Novel (1)","https://m.media-amazon.com/images/I/81s0B6NYXML._AC_UL320_.jpg"
4,11,190,"B00IR4J6RY",false,3.99,"USD",0,0,0,8825,4.5,"https://www.amazon.com/dp/B00IR4J6RY","39712.50",false,false,false,false,"A Cold Dark Place: An FBI Romantic Mystery and Suspense (Cold Justice Book 1)","https://m.media-amazon.com/images/I/81TMb0YNiYL._AC_UL320_.jpg"
4,12,191,"B09LCBWNT7",false,0,"USD",0,0,0,12890,4.5,"https://www.amazon.com/dp/B09LCBWNT7","58005.00",false,false,false,false,"This Place of Wonder: A Novel","https://m.media-amazon.com/images/I/815bZX+WHEL._AC_UL320_.jpg"
4,13,192,"B08ML1VL3Q",false,0,"USD",0,0,0,204,4,"https://www.amazon.com/dp/B08ML1VL3Q","816.00",false,false,false,false,"Friends and Foes: A Read Wine Bookstore Cozy Mystery Book 1","https://m.media-amazon.com/images/I/81pvqtojqOL._AC_UL320_.jpg"
4,14,193,"B002FU6LYC",false,2.99,"USD",0,0,0,172,4.2,"https://www.amazon.com/dp/B002FU6LYC","722.40",false,false,false,false,"The Last Bookstore In America","https://m.media-amazon.com/images/I/51qjx7D72NL._AC_UL320_.jpg"
4,15,194,"B07L7WVVKT",false,0,"USD",0,0,0,48,4.6,"https://www.amazon.com/dp/B07L7WVVKT","220.80",false,false,false,false,"A Gruesome Goal (Back Room Bookstore Cozy Mystery Book 4)","https://m.media-amazon.com/images/I/910rjYd0SNL._AC_UL320_.jpg"
4,16,195,"B08W56LG58",false,0,"USD",0,0,0,75,4.2,"https://www.amazon.com/dp/B08W56LG58","315.00",false,false,false,false,"Murderous Misprint (Old Bookstore Two-Hour Cozy Mysteries Book 2)","https://m.media-amazon.com/images/I/614BgR7sShL._AC_UL320_.jpg"
4,17,196,"B09JCB8TVP",false,49.99,"USD",0,0,0,148,4.5,"https://www.amazon.com/dp/B09JCB8TVP","666.00",false,false,false,false,"Sponsored Ad - aboxoo Metal Kids Bookshelf Freestanding for Children Room 25 inches Toddler Bookcase Toy Organizer White S...","https://m.media-amazon.com/images/I/714n+KGqLvL._AC_UL320_.jpg"
4,18,197,"B09S69W17Y",false,14.99,"USD",0,0,0,12,4.9,"https://www.amazon.com/dp/B09S69W17Y","58.80",false,false,false,false,"Sponsored Ad - TSOTMO Book Gift Bookworm Gift Quote Literature Gift for Fans Bookish Zipper Pouch Literary Couples Gift","https://m.media-amazon.com/images/I/715GPhrDZNL._AC_UL320_.jpg"
4,19,198,"1496732049",true,11.98,"USD",16.95,4.97,29.32,16325,4.3,"https://www.amazon.com/dp/1496732049","70197.50",false,false,false,false,"Sponsored Ad - The Second Mrs. Astor: A Heartbreaking Historical Novel of the Titanic","https://m.media-amazon.com/images/I/81xa3jP30gL._AC_UL320_.jpg"
4,20,199,"1949042251",false,10.99,"USD",0,0,0,426,4.1,"https://www.amazon.com/dp/1949042251","1746.60",false,false,false,false,"Sponsored Ad - The Man Who Corrupted Heaven","https://m.media-amazon.com/images/I/61ldY8tUPhL._AC_UL320_.jpg"
4,21,200,"059344955X",true,14,"USD",28.99,14.99,51.71,10211,4.5,"https://www.amazon.com/dp/059344955X","45949.50",false,false,false,false,"Dreamland: A Novel","https://m.media-amazon.com/images/I/9136kXA1i-L._AC_UL320_.jpg"
4,22,201,"B07DBVK4JD",false,0,"USD",0,0,0,160,4,"https://www.amazon.com/dp/B07DBVK4JD","640.00",false,false,false,false,"Murder in the Bookstore (An Amy King Murder Mystery Book 1)","https://m.media-amazon.com/images/I/71lJ1skbvdL._AC_UL320_.jpg"
4,23,202,"B0763N5BJM",false,0,"USD",0,0,0,217,4.1,"https://www.amazon.com/dp/B0763N5BJM","889.70",false,false,false,false,"Body In The Bookstore: A Small Town Mystery (Snow Ridge Mysteries Book 1)","https://m.media-amazon.com/images/I/91WFNIHSg0L._AC_UL320_.jpg"
4,24,203,"B075JLD7L7",false,7.99,"USD",0,0,0,489,4.6,"https://www.amazon.com/dp/B075JLD7L7","2249.40",false,false,false,false,"Lost Books and Old Bones: A Scottish Bookshop Mystery","https://m.media-amazon.com/images/I/91WaLM8QG3L._AC_UL320_.jpg"
4,25,204,"B091G7HQRW",false,12.99,"USD",0,0,0,1,5,"https://www.amazon.com/dp/B091G7HQRW","5.00",false,false,false,false,"Drunk On Books And Tea Vintage Dictionary Rustic Farmhouse Wood Wall Sign Decor, Cafe bookstore Decor, Book Tea Lover Gift","https://m.media-amazon.com/images/I/61A7mV4QNeS._AC_UL320_.jpg"
4,26,205,"B09JZ1QCS3",false,0,"USD",0,0,0,16,3.5,"https://www.amazon.com/dp/B09JZ1QCS3","56.00",false,false,false,false,"The Library Suicides","https://m.media-amazon.com/images/I/6134AyFyZqL._AC_UL320_.jpg"
4,27,206,"B09PMZ93DT",true,14.99,"USD",28.99,14,48.29,25934,4.2,"https://www.amazon.com/dp/B09PMZ93DT","108922.80",false,false,false,false,"No Plan B: A Jack Reacher Novel","https://m.media-amazon.com/images/I/81XnZPCUpxL._AC_UL320_.jpg"
4,28,207,"1496726537",true,9.99,"USD",16.95,6.96,41.06,5170,4.3,"https://www.amazon.com/dp/1496726537","22231.00",false,false,false,false,"The Nurse's Secret: A Thrilling Historical Novel of the Dark Side of Gilded Age New York City","https://m.media-amazon.com/images/I/81pA0ppfmUL._AC_UL320_.jpg"
4,30,209,"B09NGKWWGS",false,17.99,"USD",0,0,0,13,4.1,"https://www.amazon.com/dp/B09NGKWWGS","53.30",false,false,false,false,"Oubliert Vintage Bookstore Case Compatible with iPhone 12 Pro Max, Aesthetic Bookshelf Reading Lovers Case for iPhone 12 P...","https://m.media-amazon.com/images/I/71W1UkE+oML._AC_UL320_.jpg"
4,31,210,"0063209233",true,18.8,"USD",30,11.2,37.33,2535,4.7,"https://www.amazon.com/dp/0063209233","11914.50",false,false,true,false,"The Simply Happy Cookbook: 100-Plus Recipes to Take the Stress Out of Cooking (The Happy Cookbook Series)","https://m.media-amazon.com/images/I/81HE+JDes-L._AC_UL320_.jpg"
4,32,211,"B09M6FXZC9",false,17.99,"USD",0,0,0,23,4.4,"https://www.amazon.com/dp/B09M6FXZC9","101.20",false,false,false,false,"Oubliert Vintage Garden Library London Bookstore Case Compatible with iPhone 12/12 Pro, Aesthetic Bookshelf Reading Lovers...","https://m.media-amazon.com/images/I/71W1UkE+oML._AC_UL320_.jpg"
4,33,212,"1792373163",false,17.95,"USD",0,0,0,3,4.1,"https://www.amazon.com/dp/1792373163","12.30",false,false,false,false,"Sponsored Ad - O'Donovan's Travels: A Healer’s Potion","https://m.media-amazon.com/images/I/61x69oK0akL._AC_UL320_.jpg"
4,34,213,"B086PTDN2M",false,15.99,"USD",0,0,0,29,3.8,"https://www.amazon.com/dp/B086PTDN2M","110.20",false,false,false,false,"Sponsored Ad - The Decoys: A Tim and Mary Ann Hall Mystery (3)","https://m.media-amazon.com/images/I/6155pO323eL._AC_UL320_.jpg"
4,35,214,"B0BL2JVR6B",false,8.99,"USD",0,0,0,9,4.3,"https://www.amazon.com/dp/B0BL2JVR6B","38.70",false,false,false,false,"Sponsored Ad - Children of the Yew","https://m.media-amazon.com/images/I/71PVciyVYBL._AC_UL320_.jpg"
4,36,215,"B0B6XJHLQZ",false,5.99,"USD",0,0,0,1,2,"https://www.amazon.com/dp/B0B6XJHLQZ","2.00",false,false,false,false,"Sponsored Ad - The Dead of Covent Garden","https://m.media-amazon.com/images/I/51i6Be2Y37L._AC_UL320_.jpg"
4,37,216,"1538724731",true,11.26,"USD",16.99,5.73,33.73,193444,4.6,"https://www.amazon.com/dp/1538724731","889842.40",false,false,true,false,"Verity","https://m.media-amazon.com/images/I/41ZLnc34EiL._AC_UL320_.jpg"
4,38,217,"B00VKX6UWI",true,34.96,"USD",59.99,25.03,41.72,225,4.2,"https://www.amazon.com/dp/B00VKX6UWI","945.00",false,false,false,false,"Rosamunde Pilcher's Shades of Love","https://m.media-amazon.com/images/I/51hscEP5vSL._AC_UL320_.jpg"
4,39,218,"B0992S62MS",true,0,"USD",19.95,19.95,100,24,4.4,"https://www.amazon.com/dp/B0992S62MS","105.60",false,false,false,false,"The Machine Murders: Island Buoys","https://m.media-amazon.com/images/I/81nQsRHzHPS._AC_UL320_.jpg"
4,40,219,"B09QKSLPN9",true,14.99,"USD",29,14.01,48.31,22967,4.7,"https://www.amazon.com/dp/B09QKSLPN9","107944.90",false,false,true,false,"Desert Star (Renée Ballard Book 5)","https://m.media-amazon.com/images/I/7165XmbMsAL._AC_UL320_.jpg"
4,41,220,"B00E9DHKG6",false,0,"USD",0,0,0,104,4.2,"https://www.amazon.com/dp/B00E9DHKG6","436.80",false,false,false,false,"Self-Published Kindling: Memoirs of a Homeless Bookstore Owner","https://m.media-amazon.com/images/I/81Q6El+iRpL._AC_UL320_.jpg"
4,42,221,"B0B3BMF426",false,0,"USD",0,0,0,101,4.7,"https://www.amazon.com/dp/B0B3BMF426","474.70",false,false,false,false,"Tears In The Trap","https://m.media-amazon.com/images/I/81GUkv0cKDL._AC_UL320_.jpg"
4,43,222,"006288834X",true,14.99,"USD",23.99,9,37.52,22498,4.6,"https://www.amazon.com/dp/006288834X","103490.80",false,false,true,false,"The Stranger in the Lifeboat: A Novel","https://m.media-amazon.com/images/I/71Rde+ynASL._AC_UL320_.jpg"
4,45,224,"B09YLCWZYH",false,0,"USD",0,0,0,176,4.5,"https://www.amazon.com/dp/B09YLCWZYH","792.00",false,false,false,false,"Bear In A Bookstore (Estes Park Shifters Book 3)","https://m.media-amazon.com/images/I/91O4FXd1N9L._AC_UL320_.jpg"
4,46,225,"B09XSDYH69",false,4.99,"USD",0,0,0,67,4.6,"https://www.amazon.com/dp/B09XSDYH69","308.20",false,false,false,false,"The Happily Ever After Bookstore","https://m.media-amazon.com/images/I/71BooaP0ImL._AC_UL320_.jpg"
4,47,226,"0399562966",true,22.99,"USD",28,5.01,17.89,12964,4.6,"https://www.amazon.com/dp/0399562966","59634.40",false,false,false,false,"Horse: A Novel","https://m.media-amazon.com/images/I/81Kc9t8XGWL._AC_UL320_.jpg"
4,48,227,"B08NCZDX36",false,0,"USD",0,0,0,84,4.4,"https://www.amazon.com/dp/B08NCZDX36","369.60",false,false,false,false,"Dunes and Dead Bodies: A Read Wine Bookstore Cozy Mystery","https://m.media-amazon.com/images/I/81L+uCXDeGL._AC_UL320_.jpg"
4,49,228,"B00KJM6P76",false,0,"USD",0,0,0,2,5,"https://www.amazon.com/dp/B00KJM6P76","10.00",false,false,false,false,"The Bookstore Assistant: Gay Erotica for Men MM Romance Stories (High Street Hunger Book 1)","https://m.media-amazon.com/images/I/61N3DZrR4OL._AC_UL320_.jpg"
4,50,229,"B01BGAAQ92",true,2.99,"USD",5.99,3,50.08,2,5,"https://www.amazon.com/dp/B01BGAAQ92","10.00",false,false,false,false,"Naughty Bookstore Girls: Millionaire Store Owner Keeps His Employees In Line (Sexy Librarians Book 1)","https://m.media-amazon.com/images/I/81eJCwDNE8L._AC_UL320_.jpg"
4,51,230,"1250283302",true,16.99,"USD",30,13.01,43.37,1983,4.6,"https://www.amazon.com/dp/1250283302","9121.80",false,false,true,false,"Killing the Legends: The Lethal Danger of Celebrity","https://m.media-amazon.com/images/I/81FQD2oPzZL._AC_UL320_.jpg"
4,52,231,"B09888YX6N",false,2.99,"USD",0,0,0,25,4.4,"https://www.amazon.com/dp/B09888YX6N","110.00",false,false,false,false,"Chloe's Mountain","https://m.media-amazon.com/images/I/91oU4jcG9+S._AC_UL320_.jpg"
4,53,232,"1250031613",true,16.99,"USD",19.99,3,15.01,197,4.3,"https://www.amazon.com/dp/1250031613","847.10",false,false,false,false,"The Little Bookstore of Big Stone Gap: A Memoir of Friendship, Community, and the Uncommon Pleasure of a Good Book","https://m.media-amazon.com/images/I/71DNdaF9rqL._AC_UL320_.jpg"
4,54,233,"B0B2GSRYW9",false,11.99,"USD",0,0,0,11,4.5,"https://www.amazon.com/dp/B0B2GSRYW9","49.50",false,false,false,false,"2023 Sunsets Wall Calendar, 12-Inch x 9-Inch Size Closed, 18-Inch Size Open, Large Bookstore-Quality, Spiral-Bound Hanging...","https://m.media-amazon.com/images/I/71oN2D6nuKL._AC_UL320_.jpg"
4,55,234,"B08MKX8491",false,0,"USD",0,0,0,59,4.3,"https://www.amazon.com/dp/B08MKX8491","253.70",false,false,false,false,"Snow Globes and Secrets: A Read Wine Bookstore Cozy Mystery Book 2","https://m.media-amazon.com/images/I/81ZIHlIlS9L._AC_UL320_.jpg"
4,56,235,"0819228850",false,19.95,"USD",0,0,0,357,4.8,"https://www.amazon.com/dp/0819228850","1713.60",false,false,false,false,"Crazy Christians: A Call to Follow Jesus","https://m.media-amazon.com/images/I/51Z-BWUxPZL._AC_UL320_.jpg"
4,57,236,"B01N1LXZ53",false,0,"USD",0,0,0,12,4.3,"https://www.amazon.com/dp/B01N1LXZ53","51.60",false,false,false,false,"Bookstore on the Seine","https://m.media-amazon.com/images/I/81UwPnt15SL._AC_UL320_.jpg"
4,58,237,"B00SZIBQYI",false,1.99,"USD",0,0,0,23,4.6,"https://www.amazon.com/dp/B00SZIBQYI","105.80",false,false,false,false,"Mary Anne and the Haunted Bookstore (The Baby-Sitters Club Mystery #34) (The Baby-Sitters Club Mysteries)","https://m.media-amazon.com/images/I/91sImUXQ64L._AC_UL320_.jpg"
4,59,238,"1542025605",true,9.57,"USD",15.95,6.38,40,174667,4.7,"https://www.amazon.com/dp/1542025605","820934.90",false,false,true,false,"Reminders of Him: A Novel","https://m.media-amazon.com/images/I/617uZq23IPL._AC_UL320_.jpg"
4,60,239,"B0978WGGJH",false,0,"USD",0,0,0,52,4.4,"https://www.amazon.com/dp/B0978WGGJH","228.80",false,false,false,false,"Scandalous Snow Print: A Snowbound Christmas Whodunnit (Old Bookstore Two-Hour Cozy Mysteries Book 6)","https://m.media-amazon.com/images/I/71L2AGUxPxL._AC_UL320_.jpg"